Nom,Description courte,URL dédiée,Matériel,Joueurs min,Joueurs max,Slug
UNO,Débarrassez-vous de vos cartes en associant couleurs ou numéros. N'oubliez pas d'annoncer « UNO » et piégez vos adversaires avec les +4 !,https://ardoise.art-crea.fr/jeux/uno,108 cartes,2,10,uno
Caracole,Posez des combinaisons pour vous débarrasser de vos cartes — attention au sursis pile à 100 points !,https://ardoise.art-crea.fr/jeux/caracole,52 cartes,2,6,caracole
Dourak (L'Idiot),Le dernier à avoir des cartes en main quand la pioche est vide est le Dourak. Jeu russe à 36 cartes.,https://ardoise.art-crea.fr/jeux/dourak,36 cartes,2,6,dourak
Skyjo,Retournez vos cartes pour obtenir le score le plus faible. Attention : clôturer sans avoir le moins = score doublé !,https://ardoise.art-crea.fr/jeux/skyjo,150 cartes,2,8,skyjo
Belote & Coinche,Feuille de score complète : contrats 80-160 pts, Capot 252 pts, Générale 500 pts, Belote-Rebelote.,https://ardoise.art-crea.fr/jeux/belote,32 cartes,4,4,belote
Tarot,Calculateur automatique de points pour le Tarot à 3, 4 et 5 joueurs (Bouts, Garde, Petit au bout).,https://ardoise.art-crea.fr/jeux/tarot,78 cartes,3,5,tarot
Président (Trou du cul),Classement et attribution des rôles (Président, Vice, Neutre, Trou). Jeu de cartes de 3 à 8 joueurs.,https://ardoise.art-crea.fr/jeux/president,52 cartes,3,8,president
6 qui prend !,Compteur de têtes de bœuf avec barème officiel (55 = 7 têtes) et seuil à 66 points.,https://ardoise.art-crea.fr/jeux/6-qui-prend,104 cartes,2,10,6-qui-prend
Dame de Pique,Évitez les cœurs (1 pt) et la Dame de Pique (13 pts) — sauf si vous tentez le Grand Chelem (26 pts) !,https://ardoise.art-crea.fr/jeux/dame-de-pique,52 cartes,4,4,dame-de-pique
Flip 7,Collectez des cartes sans dépasser 7 valeurs différentes. Primo à 7 cartes : bonus Flip 7 (+15 pts).,https://ardoise.art-crea.fr/jeux/flip-7,Deck Flip 7,2,8,flip-7
Sea Salt & Paper,Jeu de combinaisons marines. Fin de manche : Stop ou Dernière Chance. Seuil selon le nombre de joueurs.,https://ardoise.art-crea.fr/jeux/sea-salt-paper,110 cartes,2,4,sea-salt-paper
Ascenseur (Rikiki),Pariez exactement sur le nombre de plis que vous allez réaliser. Bonus de 10 pts si contrat réussi.,https://ardoise.art-crea.fr/jeux/ascenseur,52 cartes,2,7,ascenseur
Rami,Posez des combinaisons pour vider votre main. Pénalités pour cartes restantes (Figures 10 pts, As 11 pts).,https://ardoise.art-crea.fr/jeux/rami,108 cartes,2,6,rami
Yaniv,Annoncez Yaniv quand votre main vaut ≤ 5 points. Risque d'ASSAF si un adversaire a moins — pénalité +30 pts !,https://ardoise.art-crea.fr/jeux/yaniv,54 cartes,2,6,yaniv
Le Barbu (Le Tonton),7 contrats à jouer chacun son tour : Pas de plis, Pas de cœurs, Le Barbu (-20 pts), La Salade (-130 pts).,https://ardoise.art-crea.fr/jeux/le-barbu,52 cartes,4,4,le-barbu
Compteur Universel,Ardoise libre pour tous vos jeux de société (Scrabble, Mölkky, Yam's...) de 2 à 12 joueurs.,https://ardoise.art-crea.fr/jeux/compteur-universel,Variable,2,12,compteur-universel
